
Date,Year % 
2019-12-30,-0.141614
2019-12-27,-0.191106
2019-12-23,-0.183688
2019-12-20,-0.175414
2019-12-19,-0.158831
2019-12-18,-0.195464
2019-12-17,-0.226450
2019-12-16,-0.233664
2019-12-13,-0.209293
2019-12-12,-0.232764
2019-12-11,-0.250099
2019-12-10,-0.232013
2019-12-09,-0.249035
2019-12-06,-0.235251
2019-12-05,-0.228960
2019-12-04,-0.279996
2019-12-03,-0.273688
2019-12-02,-0.225677
2019-11-29,-0.297304
2019-11-28,-0.310383
2019-11-27,-0.312407
2019-11-26,-0.327279
2019-11-25,-0.306116
2019-11-22,-0.297392
2019-11-21,-0.272656
2019-11-20,-0.310912
2019-11-19,-0.284160
2019-11-18,-0.290027
2019-11-15,-0.287183
2019-11-14,-0.286818
2019-11-13,-0.251545
2019-11-12,-0.197931
2019-11-11,-0.212340
2019-11-08,-0.210371
2019-11-07,-0.220153
2019-11-06,-0.278735
2019-11-05,-0.271068
2019-11-04,-0.302145
2019-11-01,-0.344116
2019-10-31,-0.364559
2019-10-30,-0.310801
2019-10-29,-0.301160
2019-10-28,-0.280790
2019-10-25,-0.328278
2019-10-24,-0.354018
2019-10-23,-0.352855
2019-10-22,-0.326007
2019-10-21,-0.297793
2019-10-18,-0.332088
2019-10-17,-0.353318
2019-10-16,-0.340690
2019-10-15,-0.419996
2019-10-14,-0.410976
2019-10-11,-0.404815
2019-10-10,-0.435553
2019-10-09,-0.519665
2019-10-08,-0.546318
2019-10-07,-0.535857
2019-10-04,-0.539501
2019-10-03,-0.545025
2019-10-02,-0.489058
2019-10-01,-0.491146
2019-09-30,-0.521020
2019-09-27,-0.540628
2019-09-26,-0.533009
2019-09-25,-0.562556
2019-09-24,-0.541300
2019-09-23,-0.539055
2019-09-20,-0.473455
2019-09-19,-0.456476
2019-09-18,-0.455548
2019-09-17,-0.435541
2019-09-16,-0.430055
2019-09-13,-0.442853
2019-09-12,-0.526438
2019-09-11,-0.521715
2019-09-10,-0.525988
2019-09-09,-0.529792
2019-09-06,-0.587504
2019-09-05,-0.540137
2019-09-04,-0.609342
2019-09-03,-0.655882
2019-09-02,-0.645934
2019-08-30,-0.652681
2019-08-29,-0.656719
2019-08-28,-0.680313
2019-08-27,-0.642399
2019-08-26,-0.619748
2019-08-23,-0.606845
2019-08-22,-0.600993
2019-08-21,-0.632465
2019-08-20,-0.659161
2019-08-19,-0.603555
2019-08-16,-0.669439
2019-08-15,-0.656036
2019-08-14,-0.615497
2019-08-13,-0.566503
2019-08-12,-0.557057
2019-08-09,-0.538943
2019-08-08,-0.527344
2019-08-07,-0.578293
2019-08-06,-0.504452
2019-08-05,-0.490411
2019-08-02,-0.452264
2019-08-01,-0.418789
2019-07-31,-0.390459
2019-07-30,-0.372733
2019-07-29,-0.369978
2019-07-26,-0.343509
2019-07-25,-0.312848
2019-07-24,-0.355612
2019-07-23,-0.318823
2019-07-22,-0.308391
2019-07-19,-0.294212
2019-07-18,-0.273230
2019-07-17,-0.266318
2019-07-16,-0.230198
2019-07-15,-0.223993
2019-07-12,-0.180230
2019-07-11,-0.205096
2019-07-10,-0.232252
2019-07-09,-0.282898
2019-07-08,-0.318567
2019-07-05,-0.281177
2019-07-04,-0.338654
2019-07-03,-0.323303
2019-07-02,-0.295685
2019-07-01,-0.282251
2019-06-28,-0.258894
2019-06-27,-0.247654
2019-06-26,-0.255153
2019-06-25,-0.266897
2019-06-24,-0.236256
2019-06-21,-0.220986
2019-06-20,-0.258981
2019-06-19,-0.228319
2019-06-18,-0.254129
2019-06-17,-0.180184
2019-06-14,-0.192624
2019-06-13,-0.184136
2019-06-12,-0.175479
2019-06-11,-0.173244
2019-06-10,-0.161522
2019-06-07,-0.205851
2019-06-06,-0.166810
2019-06-05,-0.167142
2019-06-04,-0.146288
2019-06-03,-0.143948
2019-05-31,-0.131734
2019-05-30,-0.098635
2019-05-29,-0.110094
2019-05-28,-0.085087
2019-05-27,-0.072754
2019-05-24,-0.046132
2019-05-23,-0.050595
2019-05-22,-0.015695
2019-05-21,-0.011013
2019-05-20,-0.027946
2019-05-17,-0.044620
2019-05-16,-0.028031
2019-05-15,-0.053947
2019-05-14,-0.017224
2019-05-13,-0.001242
2019-05-10,0.021031
2019-05-09,-0.005370
2019-05-08,0.001989
2019-05-07,0.019347
2019-05-06,0.061786
2019-05-03,0.065161
2019-05-02,0.059340
2019-04-30,0.076188
2019-04-29,0.056191
2019-04-26,0.030487
2019-04-25,0.039123
2019-04-24,0.039084
2019-04-23,0.084599
2019-04-18,0.072574
2019-04-17,0.127496
2019-04-16,0.107238
2019-04-15,0.115048
2019-04-12,0.090171
2019-04-11,0.030842
2019-04-10,0.012711
2019-04-09,0.039487
2019-04-08,0.051849
2019-04-05,0.049974
2019-04-04,0.044202
2019-04-03,0.055835
2019-04-02,0.011345
2019-04-01,0.008159
2019-03-29,-0.013429
2019-03-28,-0.023267
2019-03-27,-0.033656
2019-03-26,0.028091
2019-03-25,0.032600
2019-03-22,0.015575
2019-03-21,0.092686
2019-03-20,0.136818
2019-03-19,0.157105
2019-03-18,0.134080
2019-03-15,0.131042
2019-03-14,0.130004
2019-03-13,0.114725
2019-03-12,0.114725
2019-03-11,0.109082
2019-03-08,0.121971
2019-03-07,0.130980
2019-03-06,0.181114
2019-03-05,0.216518
2019-03-04,0.224723
2019-03-01,0.254949
2019-02-28,0.228133
2019-02-27,0.196749
2019-02-26,0.160104
2019-02-25,0.158318
2019-02-22,0.147910
2019-02-21,0.183939
2019-02-20,0.145499
2019-02-19,0.154112
2019-02-18,0.156501
2019-02-15,0.149304
2019-02-14,0.134636
2019-02-13,0.177969
2019-02-12,0.177672
2019-02-11,0.149467
2019-02-08,0.120907
2019-02-07,0.147331
2019-02-06,0.195084
2019-02-05,0.215628
2019-02-04,0.205785
2019-02-01,0.187606
2019-01-31,0.187607
2019-01-30,0.215259
2019-01-29,0.226802
2019-01-28,0.228987
2019-01-25,0.224522
2019-01-24,0.215953
2019-01-23,0.265246
2019-01-22,0.268080
2019-01-21,0.288168
2019-01-18,0.281107
2019-01-17,0.267209
2019-01-16,0.258042
2019-01-15,0.238859
2019-01-14,0.242607
2019-01-11,0.248701
2019-01-10,0.267474
2019-01-09,0.301113
2019-01-08,0.310582
2019-01-07,0.288875
2019-01-04,0.274661
2019-01-03,0.246228
2019-01-02,0.227773
2018-12-28,0.316223
2018-12-27,0.303968
2018-12-21,0.301981
2018-12-20,0.285043
2018-12-19,0.304867
2018-12-18,0.310050
2018-12-17,0.321513
2018-12-14,0.319578
2018-12-13,0.315010
2018-12-12,0.319403
2018-12-11,0.301006
2018-12-10,0.309115
2018-12-07,0.329250
2018-12-06,0.294693
2018-12-05,0.331146
2018-12-04,0.344788
2018-12-03,0.372579
2018-11-30,0.369032
2018-11-29,0.388294
2018-11-28,0.417794
2018-11-27,0.409579
2018-11-26,0.428407
2018-11-23,0.403429
2018-11-22,0.438467
2018-11-21,0.430075
2018-11-20,0.414057
2018-11-19,0.446694
2018-11-16,0.431219
2018-11-15,0.423584
2018-11-14,0.472402
2018-11-13,0.456197
2018-11-12,0.446773
2018-11-09,0.473475
2018-11-08,0.507662
2018-11-07,0.498155
2018-11-06,0.482266
2018-11-05,0.481359
2018-11-02,0.484693
2018-11-01,0.457466
2018-10-31,0.434257
2018-10-30,0.425327
2018-10-29,0.447828
2018-10-26,0.411343
2018-10-25,0.450225
2018-10-24,0.452822
2018-10-23,0.464753
2018-10-22,0.491282
2018-10-19,0.484777
2018-10-18,0.510780
2018-10-17,0.515331
2018-10-16,0.535380
2018-10-15,0.549031
2018-10-12,0.556840
2018-10-11,0.579435
2018-10-10,0.602277
2018-10-09,0.590655
2018-10-08,0.584799
2018-10-05,0.595808
2018-10-04,0.563143
2018-10-03,0.498537
2018-10-02,0.478078
2018-10-01,0.539267
2018-09-28,0.509128
2018-09-27,0.548630
2018-09-26,0.563233
2018-09-25,0.565446
2018-09-24,0.540390
2018-09-21,0.493228
2018-09-20,0.520274
2018-09-19,0.519392
2018-09-18,0.503912
2018-09-17,0.490856
2018-09-14,0.482929
2018-09-13,0.461593
2018-09-12,0.432200
2018-09-11,0.465166
2018-09-10,0.436548
2018-09-07,0.419957
2018-09-06,0.404488
2018-09-05,0.427953
2018-09-04,0.378736
2018-09-03,0.366308
2018-08-31,0.371909
2018-08-30,0.392273
2018-08-29,0.442649
2018-08-28,0.416767
2018-08-27,0.405901
2018-08-24,0.386736
2018-08-23,0.370156
2018-08-22,0.358034
2018-08-21,0.355129
2018-08-20,0.324351
2018-08-17,0.324373
2018-08-16,0.334541
2018-08-15,0.334728
2018-08-14,0.348191
2018-08-13,0.352140
2018-08-10,0.350882
2018-08-09,0.400256
2018-08-08,0.427338
2018-08-07,0.432328
2018-08-06,0.411768
2018-08-03,0.432691
2018-08-02,0.486887
2018-08-01,0.499614
2018-07-31,0.455340
2018-07-30,0.466801
2018-07-27,0.418530
2018-07-26,0.408693
2018-07-25,0.410133
2018-07-24,0.422936
2018-07-23,0.412976
2018-07-20,0.373768
2018-07-19,0.349904
2018-07-18,0.353032
2018-07-17,0.364348
2018-07-16,0.380319
2018-07-13,0.351296
2018-07-12,0.368500
2018-07-11,0.382103
2018-07-10,0.390726
2018-07-09,0.389374
2018-07-06,0.362142
2018-07-05,0.372925
2018-07-04,0.366454
2018-07-03,0.367780
2018-07-02,0.372806
2018-06-29,0.379056
2018-06-28,0.384136
2018-06-27,0.403643
2018-06-26,0.419619
2018-06-25,0.410356
2018-06-22,0.418218
2018-06-21,0.421250
2018-06-20,0.454339
2018-06-19,0.437481
2018-06-18,0.473904
2018-06-15,0.476254
2018-06-14,0.523486
2018-06-13,0.545187
2018-06-12,0.579570
2018-06-11,0.578347
2018-06-08,0.527201
2018-06-07,0.570430
2018-06-06,0.530916
2018-06-05,0.457404
2018-06-04,0.478934
2018-06-01,0.460792
2018-05-31,0.402467
2018-05-30,0.400422
2018-05-29,0.408926
2018-05-28,0.431265
2018-05-25,0.472715
2018-05-24,0.541149
2018-05-23,0.583833
2018-05-22,0.620133
2018-05-21,0.622119
2018-05-18,0.678812
2018-05-17,0.683835
2018-05-16,0.669383
2018-05-15,0.699666
2018-05-14,0.670558
2018-05-11,0.622381
2018-05-10,0.602243
2018-05-09,0.628827
2018-05-08,0.611346
2018-05-07,0.585991
2018-05-04,0.602189
2018-05-03,0.606465
2018-05-02,0.632955
2018-04-30,0.628679
2018-04-27,0.622784
2018-04-26,0.670969
2018-04-25,0.690065
2018-04-24,0.694978
2018-04-23,0.676887
2018-04-20,0.657763
2018-04-19,0.635971
2018-04-18,0.570995
2018-04-17,0.569132
2018-04-16,0.575937
2018-04-13,0.576641
2018-04-12,0.566418
2018-04-11,0.552260
2018-04-10,0.564737
2018-04-09,0.561172
2018-04-06,0.559924
2018-04-05,0.570174
2018-04-04,0.547333
2018-04-03,0.552061
2018-03-29,0.548439
2018-03-28,0.550797
2018-03-27,0.562103
2018-03-26,0.583654
2018-03-23,0.587486
2018-03-22,0.576025
2018-03-21,0.648396
2018-03-20,0.639114
2018-03-19,0.634644
2018-03-16,0.635039
2018-03-15,0.626721
2018-03-14,0.664289
2018-03-13,0.684713
2018-03-12,0.680959
2018-03-09,0.701804
2018-03-08,0.699953
2018-03-07,0.712685
2018-03-06,0.726653
2018-03-05,0.681125
2018-03-02,0.674833
2018-03-01,0.685940
2018-02-28,0.709144
2018-02-27,0.720851
2018-02-26,0.702036
2018-02-23,0.715356
2018-02-22,0.764330
2018-02-21,0.771691
2018-02-20,0.782435
2018-02-19,0.798327
2018-02-16,0.767967
2018-02-15,0.817711
2018-02-14,0.811059
2018-02-13,0.790353
2018-02-12,0.797957
2018-02-09,0.792738
2018-02-08,0.835412
2018-02-07,0.757513
2018-02-06,0.747246
2018-02-05,0.768196
2018-02-02,0.789113
2018-02-01,0.747780
2018-01-31,0.709876
2018-01-30,0.733062
2018-01-29,0.724711
2018-01-26,0.662264
2018-01-25,0.667717
2018-01-24,0.629474
2018-01-23,0.596955
2018-01-22,0.618495
2018-01-19,0.615235
2018-01-18,0.612054
2018-01-17,0.585791
2018-01-16,0.585651
2018-01-15,0.610234
2018-01-12,0.619102
2018-01-11,0.620156
2018-01-10,0.567946
2018-01-09,0.529019
2018-01-08,0.506896
2018-01-05,0.523487
2018-01-04,0.532726
2018-01-03,0.521837
2018-01-02,0.537615
2017-12-29,0.522043
2017-12-28,0.499750
2017-12-27,0.472845
2017-12-22,0.493208
2017-12-21,0.504804
2017-12-20,0.487323
2017-12-19,0.435077
2017-12-18,0.374565
2017-12-15,0.373475
2017-12-14,0.403504
2017-12-13,0.387570
2017-12-12,0.380711
2017-12-11,0.363520
2017-12-08,0.371493
2017-12-07,0.363538
2017-12-06,0.356170
2017-12-05,0.392118
2017-12-04,0.397994
2017-12-01,0.400968
2017-11-30,0.437042
2017-11-29,0.458418
2017-11-28,0.413427
2017-11-27,0.421492
2017-11-24,0.427751
2017-11-23,0.415434
2017-11-22,0.425845
2017-11-21,0.416515
2017-11-20,0.428315
2017-11-17,0.439068
2017-11-16,0.440928
2017-11-15,0.423620
2017-11-14,0.478869
2017-11-13,0.475092
2017-11-10,0.459161
2017-11-09,0.436469
2017-11-08,0.379609
2017-11-07,0.405511
2017-11-06,0.400209
2017-11-03,0.419418
2017-11-02,0.445427
2017-11-01,0.436547
2017-10-31,0.438550
2017-10-30,0.437866
2017-10-27,0.474006
2017-10-26,0.502356
2017-10-25,0.542535
2017-10-24,0.524531
2017-10-23,0.482286
2017-10-20,0.505376
2017-10-19,0.443334
2017-10-18,0.441162
2017-10-17,0.420169
2017-10-16,0.436246
2017-10-13,0.461155
2017-10-12,0.500009
2017-10-11,0.508327
2017-10-10,0.501538
2017-10-09,0.495594
2017-10-06,0.550377
2017-10-05,0.496242
2017-10-04,0.488717
2017-10-03,0.515484
2017-10-02,0.493246
2017-09-29,0.516253
2017-09-28,0.529963
2017-09-27,0.517925
2017-09-26,0.460154
2017-09-25,0.464400
2017-09-22,0.492107
2017-09-21,0.493025
2017-09-20,0.475383
2017-09-19,0.486137
2017-09-18,0.502892
2017-09-15,0.476890
2017-09-14,0.455768
2017-09-13,0.448144
2017-09-12,0.417879
2017-09-11,0.374887
2017-09-08,0.364147
2017-09-07,0.359704
2017-09-06,0.378955
2017-09-05,0.392738
2017-09-04,0.406978
2017-09-01,0.419553
2017-08-31,0.384654
2017-08-30,0.400036
2017-08-29,0.369720
2017-08-28,0.405743
2017-08-25,0.423885
2017-08-24,0.401918
2017-08-23,0.418339
2017-08-22,0.440948
2017-08-21,0.430972
2017-08-18,0.427469
2017-08-17,0.473119
2017-08-16,0.481420
2017-08-15,0.473368
2017-08-14,0.445465
2017-08-11,0.416112
2017-08-10,0.444193
2017-08-09,0.453818
2017-08-08,0.500081
2017-08-07,0.499327
2017-08-04,0.502579
2017-08-03,0.501364
2017-08-02,0.517289
2017-08-01,0.544943
2017-07-31,0.577101
2017-07-28,0.586223
2017-07-27,0.557976
2017-07-26,0.581378
2017-07-25,0.580128
2017-07-24,0.527043
2017-07-21,0.535187
2017-07-20,0.559412
2017-07-19,0.562771
2017-07-18,0.586686
2017-07-17,0.600842
2017-07-14,0.594838
2017-07-13,0.610335
2017-07-12,0.612041
2017-07-11,0.642235
2017-07-10,0.633116
2017-07-07,0.649733
2017-07-06,0.635038
2017-07-05,0.565135
2017-07-04,0.546399
2017-07-03,0.529051
2017-06-30,0.540920
2017-06-29,0.508294
2017-06-28,0.445867
2017-06-27,0.396673
2017-06-26,0.316562
2017-06-23,0.331197
2017-06-22,0.323214
2017-06-21,0.340383
2017-06-20,0.342727
2017-06-19,0.365865
2017-06-16,0.358069
2017-06-15,0.372701
2017-06-14,0.322745
2017-06-13,0.345027
2017-06-12,0.334246
2017-06-09,0.352251
2017-06-08,0.344331
2017-06-07,0.339493
2017-06-06,0.345820
2017-06-05,0.366700
2017-06-02,0.353101
2017-06-01,0.388510
2017-05-31,0.361687
2017-05-30,0.369263
2017-05-29,0.374773
2017-05-26,0.403180
2017-05-25,0.432990
2017-05-24,0.465640
2017-05-23,0.465193
2017-05-22,0.457936
2017-05-19,0.435844
2017-05-18,0.404864
2017-05-17,0.451125
2017-05-16,0.491834
2017-05-15,0.479816
2017-05-12,0.456323
2017-05-11,0.489226
2017-05-10,0.456886
2017-05-09,0.495223
2017-05-08,0.467617
2017-05-05,0.453712
2017-05-04,0.433481
2017-05-03,0.373764
2017-05-02,0.375301
2017-04-28,0.381992
2017-04-27,0.379178
2017-04-26,0.416949
2017-04-25,0.410302
2017-04-24,0.399682
2017-04-21,0.302579
2017-04-20,0.299550
2017-04-19,0.251062
2017-04-18,0.243672
2017-04-13,0.234562
2017-04-12,0.269397
2017-04-11,0.277539
2017-04-10,0.277838
2017-04-07,0.273969
2017-04-06,0.307751
2017-04-05,0.325282
2017-04-04,0.304547
2017-04-03,0.368814
2017-03-31,0.381402
2017-03-30,0.392187
2017-03-29,0.400139
2017-03-28,0.426598
2017-03-27,0.423181
2017-03-24,0.449546
2017-03-23,0.440358
2017-03-22,0.437988
2017-03-21,0.510062
2017-03-20,0.486089
2017-03-17,0.488707
2017-03-16,0.497902
2017-03-15,0.467313
2017-03-14,0.495951
2017-03-13,0.508858
2017-03-10,0.503834
2017-03-09,0.432263
2017-03-08,0.420772
2017-03-07,0.371655
2017-03-06,0.371804
2017-03-03,0.385432
2017-03-02,0.345341
2017-03-01,0.305110
2017-02-28,0.252148
2017-02-27,0.240257
2017-02-24,0.250505
2017-02-23,0.294129
2017-02-22,0.308911
2017-02-21,0.387445
2017-02-20,0.370873
2017-02-17,0.355951
2017-02-16,0.417139
2017-02-15,0.443807
2017-02-14,0.398458
2017-02-13,0.398666
2017-02-10,0.399113
2017-02-09,0.359820
2017-02-08,0.378548
2017-02-07,0.446526
2017-02-06,0.408080
2017-02-03,0.472977
2017-02-02,0.457321
2017-02-01,0.513337
2017-01-31,0.496979
2017-01-30,0.493383
2017-01-27,0.497228
2017-01-26,0.495228
2017-01-25,0.488779
2017-01-24,0.417758
2017-01-23,0.422468
2017-01-20,0.414296
2017-01-19,0.402441
2017-01-18,0.356768
2017-01-17,0.288612
2017-01-16,0.334929
2017-01-13,0.329043
2017-01-12,0.319190
2017-01-11,0.319198
2017-01-10,0.347367
2017-01-09,0.347276
2017-01-06,0.345411
2017-01-05,0.344468
2017-01-04,0.328245
2017-01-03,0.315610
2017-01-02,0.227263
2016-12-30,0.258126
2016-12-29,0.246972
2016-12-28,0.256049
2016-12-27,0.268794
2016-12-23,0.284799
2016-12-22,0.317597
2016-12-21,0.309620
2016-12-20,0.323412
2016-12-19,0.342636
2016-12-16,0.363110
2016-12-15,0.411561
2016-12-14,0.374185
2016-12-13,0.411278
2016-12-12,0.468199
2016-12-09,0.392885
2016-12-08,0.429606
2016-12-07,0.392176
2016-12-06,0.380005
2016-12-05,0.384298
2016-12-02,0.374597
2016-12-01,0.348299
2016-11-30,0.274346
2016-11-29,0.272263
2016-11-28,0.241508
2016-11-25,0.286332
2016-11-24,0.294404
2016-11-23,0.329146
2016-11-22,0.267406
2016-11-21,0.314188
2016-11-18,0.292232
2016-11-17,0.326136
2016-11-16,0.338762
2016-11-15,0.326454
2016-11-14,0.362109
2016-11-11,0.313460
2016-11-10,0.304154
2016-11-09,0.165340
2016-11-08,0.146330
2016-11-07,0.142677
2016-11-04,0.118903
2016-11-03,0.161632
2016-11-02,0.140761
2016-11-01,0.176821
2016-10-31,0.142942
2016-10-28,0.155924
2016-10-27,0.147855
2016-10-26,0.069673
2016-10-25,0.010490
2016-10-24,-0.007401
2016-10-21,-0.025054
2016-10-20,-0.006982
2016-10-19,-0.001886
2016-10-18,0.025837
2016-10-17,0.039202
2016-10-14,0.032679
2016-10-13,0.004728
2016-10-12,0.037701
2016-10-11,0.023489
2016-10-10,0.026097
2016-10-07,-0.025245
2016-10-06,-0.028150
2016-10-05,-0.059864
2016-10-04,-0.115330
2016-10-03,-0.138154
2016-09-30,-0.162052
2016-09-29,-0.141906
2016-09-28,-0.166124
2016-09-27,-0.163711
2016-09-26,-0.129321
2016-09-23,-0.102791
2016-09-22,-0.096530
2016-09-21,-0.025219
2016-09-20,-0.038920
2016-09-19,-0.002543
2016-09-16,-0.007230
2016-09-15,0.029610
2016-09-14,-0.001028
2016-09-13,-0.002031
2016-09-12,-0.002604
2016-09-09,-0.025405
2016-09-08,-0.125605
2016-09-07,-0.156121
2016-09-06,-0.105098
2016-09-05,-0.071920
2016-09-02,-0.072295
2016-09-01,-0.068116
2016-08-31,-0.117694
2016-08-30,-0.124288
2016-08-29,-0.103882
2016-08-26,-0.110260
2016-08-25,-0.097985
2016-08-24,-0.127157
2016-08-23,-0.137814
2016-08-22,-0.121885
2016-08-19,-0.108128
2016-08-18,-0.128683
2016-08-17,-0.094528
2016-08-16,-0.096889
2016-08-15,-0.113898
2016-08-12,-0.149384
2016-08-11,-0.146771
2016-08-10,-0.146100
2016-08-09,-0.113569
2016-08-08,-0.087980
2016-08-05,-0.113774
2016-08-04,-0.136261
2016-08-03,-0.093508
2016-08-02,-0.079924
2016-08-01,-0.154219
2016-07-29,-0.151797
2016-07-28,-0.121802
2016-07-27,-0.107934
2016-07-26,-0.084006
2016-07-25,-0.087806
2016-07-22,-0.052533
2016-07-21,-0.035896
2016-07-20,-0.059788
2016-07-19,-0.066591
2016-07-18,-0.075358
2016-07-15,-0.056795
2016-07-14,-0.065372
2016-07-13,-0.124496
2016-07-12,-0.094686
2016-07-11,-0.161821
2016-07-08,-0.160120
2016-07-07,-0.130928
2016-07-06,-0.154572
2016-07-05,-0.139593
2016-07-04,-0.107452
2016-07-01,-0.109504
2016-06-30,-0.104426
2016-06-29,-0.093658
2016-06-28,-0.063833
2016-06-27,-0.069989
2016-06-24,-0.024515
2016-06-23,0.111738
2016-06-22,0.090428
2016-06-21,0.074358
2016-06-20,0.084387
2016-06-17,0.048406
2016-06-16,0.019077
2016-06-15,0.030736
2016-06-14,0.036635
2016-06-13,0.057765
2016-06-10,0.046563
2016-06-09,0.059594
2016-06-08,0.097205
2016-06-07,0.106091
2016-06-06,0.131380
2016-06-03,0.123702
2016-06-02,0.175786
2016-06-01,0.175503
2016-05-31,0.222408
2016-05-30,0.223634
2016-05-27,0.170860
2016-05-26,0.198924
2016-05-25,0.203604
2016-05-24,0.222300
2016-05-23,0.228587
2016-05-20,0.228127
2016-05-19,0.208821
2016-05-18,0.234419
2016-05-17,0.186795
2016-05-16,0.200719
2016-05-13,0.190387
2016-05-12,0.196965
2016-05-11,0.169889
2016-05-10,0.172027
2016-05-09,0.197204
2016-05-06,0.220684
2016-05-05,0.241569
2016-05-04,0.277075
2016-05-03,0.253946
2016-05-02,0.328669
2016-04-29,0.343195
2016-04-28,0.318318
2016-04-27,0.356780
2016-04-26,0.345320
2016-04-25,0.327169
2016-04-22,0.288494
2016-04-21,0.260510
2016-04-20,0.201025
2016-04-19,0.228404
2016-04-18,0.201526
2016-04-15,0.185694
2016-04-14,0.205326
2016-04-13,0.203506
2016-04-12,0.200908
2016-04-11,0.233862
2016-04-08,0.195364
2016-04-07,0.185750
2016-04-06,0.209669
2016-04-05,0.182375
2016-04-04,0.226647
2016-04-01,0.225442
2016-03-31,0.262592
2016-03-30,0.266185
2016-03-29,0.248642
2016-03-24,0.286489
2016-03-23,0.331572
2016-03-22,0.319251
2016-03-21,0.321816
2016-03-18,0.302116
2016-03-17,0.332522
2016-03-16,0.376501
2016-03-15,0.405931
2016-03-14,0.356741
2016-03-11,0.369672
2016-03-10,0.321002
2016-03-09,0.344390
2016-03-08,0.289074
2016-03-07,0.328901
2016-03-04,0.326647
2016-03-03,0.310642
2016-03-02,0.308599
2016-03-01,0.252332
2016-02-29,0.218828
2016-02-26,0.257149
2016-02-25,0.258033
2016-02-24,0.242126
2016-02-23,0.324820
2016-02-22,0.293124
2016-02-19,0.298880
2016-02-18,0.332321
2016-02-17,0.377116
2016-02-16,0.385287
2016-02-15,0.361146
2016-02-12,0.335971
2016-02-11,0.310798
2016-02-10,0.358189
2016-02-09,0.359516
2016-02-08,0.346312
2016-02-05,0.409796
2016-02-04,0.401242
2016-02-03,0.405749
2016-02-02,0.405195
2016-02-01,0.429523
2016-01-29,0.439390
2016-01-28,0.498150
2016-01-27,0.551050
2016-01-26,0.544196
2016-01-25,0.570691
2016-01-22,0.591490
2016-01-21,0.536011
2016-01-20,0.586292
2016-01-19,0.645140
2016-01-18,0.632434
2016-01-15,0.629034
2016-01-14,0.645982
2016-01-13,0.676466
2016-01-12,0.726434
2016-01-11,0.703122
2016-01-08,0.676140
2016-01-07,0.701225
2016-01-06,0.663953
2016-01-05,0.696444
2016-01-04,0.702713
2015-12-30,0.768970
2015-12-29,0.768795
2015-12-28,0.736978
2015-12-23,0.753329
2015-12-22,0.705722
2015-12-21,0.668759
2015-12-18,0.673223
2015-12-17,0.731707
2015-12-16,0.778075
2015-12-15,0.766645
2015-12-14,0.687348
2015-12-11,0.645013
2015-12-10,0.692186
2015-12-09,0.696485
2015-12-08,0.686799
2015-12-07,0.713062
2015-12-04,0.788763
2015-12-03,0.709515
2015-12-02,0.584745
2015-12-01,0.585018
2015-11-30,0.580391
2015-11-27,0.555557
2015-11-26,0.583079
2015-11-25,0.572968
2015-11-24,0.614693
2015-11-23,0.629216
2015-11-20,0.576551
2015-11-19,0.595053
2015-11-18,0.635971
2015-11-17,0.649764
2015-11-16,0.648388
2015-11-13,0.666982
2015-11-12,0.725572
2015-11-11,0.736979
2015-11-10,0.755828
2015-11-09,0.800010
2015-11-06,0.782245
2015-11-05,0.708684
2015-11-04,0.675918
2015-11-03,0.673219
2015-11-02,0.672168
2015-10-30,0.629988
2015-10-29,0.607062
2015-10-28,0.567804
2015-10-27,0.548717
2015-10-26,0.595750
2015-10-23,0.610697
2015-10-22,0.576973
2015-10-21,0.686198
2015-10-20,0.733099
2015-10-19,0.666650
2015-10-16,0.654291
2015-10-15,0.651932
2015-10-14,0.658745
2015-10-13,0.691637
2015-10-12,0.677340
2015-10-09,0.711070
2015-10-08,0.681444
2015-10-07,0.711642
2015-10-06,0.718640
2015-10-05,0.653672
2015-10-02,0.591074
2015-10-01,0.650413
2015-09-30,0.703349
2015-09-29,0.698459
2015-09-28,0.708891
2015-09-25,0.749857
2015-09-24,0.672085
2015-09-23,0.702160
2015-09-22,0.713160
2015-09-21,0.776373
2015-09-18,0.739905
2015-09-17,0.872245
2015-09-16,0.859217
2015-09-15,0.819150
2015-09-14,0.738626
2015-09-11,0.760263
2015-09-10,0.784042
2015-09-09,0.812987
2015-09-08,0.774652
2015-09-07,0.762572
2015-09-04,0.779230
2015-09-03,0.841704
2015-09-02,0.900774
2015-09-01,0.898658
2015-08-31,0.820057
2015-08-28,0.789268
2015-08-27,0.828685
2015-08-26,0.808759
2015-08-25,0.812543
2015-08-24,0.637287
2015-08-21,0.680354
2015-08-20,0.669270
2015-08-19,0.740655
2015-08-18,0.726380
2015-08-17,0.704745
2015-08-14,0.730097
2015-08-13,0.718213
2015-08-12,0.694132
2015-08-11,0.708550
2015-08-10,0.757635
2015-08-07,0.750347
2015-08-06,0.795606
2015-08-05,0.824900
2015-08-04,0.722386
2015-08-03,0.699712
2015-07-31,0.728639
2015-07-30,0.742441
2015-07-29,0.784903
2015-07-28,0.782165
2015-07-27,0.751779
2015-07-24,0.774318
2015-07-23,0.825769
2015-07-22,0.832393
2015-07-21,0.854151
2015-07-20,0.832493
2015-07-17,0.861389
2015-07-16,0.949221
2015-07-15,0.919754
2015-07-14,1.000934
2015-07-13,1.033385
2015-07-10,1.038098
2015-07-09,0.882676
2015-07-08,0.840105
2015-07-07,0.836204
2015-07-06,0.943953
2015-07-03,0.991797
2015-07-02,1.038621
2015-07-01,1.011664
2015-06-30,0.952841
2015-06-29,0.986158
2015-06-26,1.072826
2015-06-25,1.003144
2015-06-24,0.968250
2015-06-23,1.027030
2015-06-22,1.024730
2015-06-19,0.913872
2015-06-18,0.943301
2015-06-17,0.960945
2015-06-16,0.960975
2015-06-15,0.945138
2015-06-12,0.981910
2015-06-11,1.016462
2015-06-10,1.075466
2015-06-09,1.056273
2015-06-08,0.976711
2015-06-05,0.954035
2015-06-04,0.927183
2015-06-03,0.930550
2015-06-02,0.753046
2015-06-01,0.592291
2015-05-29,0.609009
2015-05-28,0.628073
2015-05-27,0.659333
2015-05-26,0.677674
2015-05-25,0.708476
2015-05-22,0.708951
2015-05-21,0.724828
2015-05-20,0.700453
2015-05-19,0.708658
2015-05-18,0.746218
2015-05-15,0.737627
2015-05-14,0.790024
2015-05-13,0.738179
2015-05-12,0.774014
2015-05-11,0.656877
2015-05-08,0.621843
2015-05-07,0.656926
2015-05-06,0.628512
2015-05-05,0.540274
2015-05-04,0.481695
2015-04-30,0.416846
2015-04-29,0.324889
2015-04-28,0.221897
2015-04-27,0.233759
2015-04-24,0.227453
2015-04-23,0.224890
2015-04-22,0.200108
2015-04-21,0.162676
2015-04-20,0.134185
2015-04-17,0.137662
2015-04-16,0.153234
2015-04-15,0.173189
2015-04-14,0.210035
2015-04-13,0.226723
2015-04-10,0.235907
2015-04-09,0.237590
2015-04-08,0.255525
2015-04-07,0.269269
2015-04-02,0.262803
2015-04-01,0.236727
2015-03-31,0.263930
2015-03-30,0.273161
2015-03-27,0.289565
2015-03-26,0.298326
2015-03-25,0.297855
2015-03-24,0.290332
2015-03-23,0.277438
2015-03-20,0.240699
2015-03-19,0.244472
2015-03-18,0.256372
2015-03-17,0.319061
2015-03-16,0.292570
2015-03-13,0.298004
2015-03-12,0.267535
2015-03-11,0.239706
2015-03-10,0.268223
2015-03-09,0.353057
2015-03-06,0.412651
2015-03-05,0.393721
2015-03-04,0.421917
2015-03-03,0.414454
2015-03-02,0.380265
2015-02-27,0.369133
2015-02-26,0.346397
2015-02-25,0.393757
2015-02-24,0.447935
2015-02-23,0.431326
2015-02-20,0.410882
2015-02-19,0.448995
2015-02-18,0.450530
2015-02-17,0.415549
2015-02-16,0.405519
2015-02-13,0.397890
2015-02-12,0.401667
2015-02-11,0.429262
2015-02-10,0.441895
2015-02-09,0.418105
2015-02-06,0.409176
2015-02-05,0.416132
2015-02-04,0.408738
2015-02-03,0.384821
2015-02-02,0.353177
2015-01-30,0.393620
2015-01-29,0.414661
2015-01-28,0.433166
2015-01-27,0.439318
2015-01-26,0.423434
2015-01-23,0.421745
2015-01-22,0.614790
2015-01-21,0.545735
2015-01-20,0.501299
2015-01-19,0.484039
2015-01-16,0.485742
2015-01-15,0.495677
2015-01-14,0.492938
2015-01-13,0.552197
2015-01-12,0.555439
2015-01-09,0.610213
2015-01-08,0.598710
2015-01-07,0.564407
2015-01-06,0.530988
2015-01-05,0.591801
2015-01-02,0.611411